Trading Name,Trading Code,RIC,Mkt Cap ($M),Tot. Rev ($M),P/E,Yield (%),Sector,GTI Score
3Cnergy,502,CNER.SI,49.073,0.174,,,Real Estate,44
8Telecom,AZG,ETEL.SI,7.919,0.802,,,Technology Equipment,57
A-Smart,BQC,ASMA.SI,28.322,5.268,,,Industrial & Commercial Services,61
A-Sonic Aero,BTJ,ASON.SI,40.936,349.037,4.87,0.54,Transportation,57
ABR,533,ABRH.SI,96.478,85.975,16.01,4.17,Food & Beverages,56
Abterra,L5I,ABTR.SI,12.831,5.49,,,Energy - Fossil Fuels,-6
Abundance Intl,541,ABUN.SI,34.606,545.798,,,Industrial & Commercial Services,65
Accordia Golf Tr,ADQU,ACCO.SI,19.152,616.382,0.96,246.77,Cyclical Consumer Services,61.3
Accrelist Ltd,QZG,ACCR.SI,14.795,118.049,,,Technology Equipment,
Ace Achieve Info,A75,ACEA.SI,5.611,38.312,,,Technology Equipment,42
Acesian Partners,5FW,ACES.SI,8.474,9.523,340,,Industrial & Commercial Services,68
Acma,AYV,ACMA.SI,2.755,62.687,,,Industrial Goods,67
Acromec,43F,ACRO.SI,13.718,23.516,,,Industrial & Commercial Services,61
Addvalue Tech,A31,AVAU.SI,47.225,10.918,22.6,,Technology Equipment,56
Advanced,BLZ,ADVA.SI,10.352,59.137,3.62,,Energy - Fossil Fuels,64
Advanced Systems,5TY,ADSA.SI,22.324,0,,,Technology Equipment,68
Advancer Global,43Q,ADVN.SI,36.593,,,9.52,Industrial & Commercial Services,80
Adventus,5EF,ADVE.SI,27.309,,,,Industrial Goods,58
Aedge Group,XVG,AEDE.SI,26.5,,,,Industrial & Commercial Services,
AEI,AWG,AEIC.SI,107.555,9.867,,,Mineral Resources,39
AEM,AWX,AEM.SI,1028.113,518.959,10.32,2.48,Technology Equipment,89
AF Global,L38,AFGL.SI,87.618,10.689,,,Cyclical Consumer Services,66
AGV,1A4,AGVG.SI,24.95,9.442,,,Mineral Resources,55
AIMS APAC Reit,O5RU,AIMA.SI,1003.461,122.633,21.09,,Real Estate,86.3
AIMS Property,BVP,APW.AX,49.955,-4.111,,1.81,Real Estate,
Alita Resources,40F,ALIT.SI,115.213,73.757,,,Mineral Resources,48
Alliance HC,MIJ,ALLA.SI,37.212,45.089,23.13,1.9,Healthcare Services,51
Allied Tech,A13,ALLT.SI,18.896,109.363,,,Industrial Goods,71
AlphaDX,VVL,ALPH.SI,71.033,0,,,Software & IT Services,
Alset,40V,ALSE.SI,199.373,,,,Real Estate,75
Amara,A34,AMRA.SI,213.466,61.053,,,Cyclical Consumer Services,71
Amcorp Global,S9B,AMCO.SI,65.691,20.17,,,Real Estate,83
AMOS,RF7,AMOS.SI,92.856,119.491,,,Industrial Goods,57
Amplefield Ltd,AOF,AMPL.SI,27.019,2.265,73.17,,Real Estate,77
AMTD IB OV,HKB,,,,,,,
AnAn Intl,Y35,ANAN.SI,135.462,1596.547,42.29,,Energy - Fossil Fuels,32
Anchun Intl,BTX,ANIH.SI,10.605,19.47,,,Industrial Goods,50
AnnAik,A52,AAIK.SI,17.222,49.391,93.55,1.72,Mineral Resources,53
Annica,5AL,ANHL.SI,16.675,10.906,,,Energy - Fossil Fuels,51
Aoxin Q & M,1D4,AOXI.SI,68.684,27.481,,,Healthcare Services,78
AP Oil,5AU,AOIL.SI,29.616,57.149,13.75,2.78,Chemicals,68
AP Strategic,5RA,ASIC.SI,35.651,0.918,,,Cyclical Consumer Services,53
APAC Realty,CLN,APAC.SI,225.551,389.429,13.72,3.94,Real Estate,56
ARA HTrust USD,XZL,ARAU.SI,295.018,78.161,,,Real Estate,66.2
ARA LOGOS Log Tr,K2LU,ARAL.SI,1158.365,117.432,22.81,6.34,Real Estate,81.6
Arion Ent,YYB,ARIO.SI,13.075,0.885,,,Cyclical Consumer Services,
Ascendas Reit,A17U,AEMN.SI,12074.169,1049.46,23.98,4.27,Real Estate,94.4
Ascendas-iTrust,CY6U,AINT.SI,1624.659,191.672,12.37,6.68,Real Estate,84.4
Ascott Trust,HMN,ASCO.SI,3179.532,369.872,,2.84,Real Estate,
Asia Enterprises,A55,AEHL.SI,57.1,42.782,108.44,2.99,Mineral Resources,65
Asia Vets,5RE,ASIV.SI,11.546,4.323,877.78,2.53,Healthcare Services,59
AsiaMedic,505,ASIM.SI,21.273,15.279,,,Healthcare Services,67
Asian Healthcare,1J3,ASAI.SI,84.307,23.595,22.11,3.2,Healthcare Services,80
Asian Micro,585,AMHL.SI,14.024,3.419,,,Industrial & Commercial Services,52
Asian Pay Tv Tr,S7OU,ASIA.SI,204.118,302.465,10.45,8.85,Cyclical Consumer Services,53.3
AsiaPhos,5WV,ASIP.SI,17.536,0.946,,,Mineral Resources,64
Asiatic,5CR,ATIC.SI,9.339,46.569,,,Industrial Goods,61
Asiatravel.com,5AM,ATVE.SI,12.277,94.353,,,Software & IT Services,34
ASL Marine,A04,ASLM.SI,37.907,190.285,,,Industrial Goods,86
Aspen,1F3,ASPE.SI,222.08,91.131,8.9,1.67,Real Estate,64
Aspial,A30,ASPA.SI,237.399,531.246,13.33,6.15,Real Estate,66
Astaka,42S,ASTA.SI,161.816,23.342,,,Real Estate,80
ASTI,575,ATIH.SI,23.869,57.046,10.94,,Technology Equipment,74
Atlantic Nav,5UL,ATLA.SI,21.988,97.993,,,Energy - Fossil Fuels,46
AusGroup,5GJ,AUSG.SI,85.77,179.32,,,Energy - Fossil Fuels,56
Avarga,U09,AVAR.SI,285.044,1693.259,5.18,5.8,Cyclical Consumer Products,78
Avi-Tech,BKY,AVTH.SI,70.08,26.42,17.03,3.75,Technology Equipment,92
AVJennings A$,A05,AVJ.AX,231.552,205.501,40.74,1.23,Real Estate,
Axington,42U,AXIN.SI,54.284,0.008,,9.82,Industrial & Commercial Services,84
Axington R,IXOR,,,,,,,
Axington R1,QPQR,,,,,,,
Ayondo,1I5,AYON.SI,23.336,0,,,Banking & Investment Services,
Azeus,BBW,AZEU.SI,59.7,32.266,18.67,1.91,Software & IT Services,61
Aztech Gbl,8AZ,AZTE.SI,974.887,484.273,17.5,1.59,Industrial Goods,
B&M Hldg,CJN,BMHL.SI,25.924,1.878,,1.42,Banking & Investment Services,59
Baker Technology,BTP,BATE.SI,73.036,63.164,,,Energy - Fossil Fuels,82
Ban Leong,B26,BANL.SI,44.853,182.682,6.24,6.49,Technology Equipment,70
Banyan Tree,B58,BANY.SI,263.166,157.832,,,Cyclical Consumer Services,92
BBR,KJ5,BBRS.SI,50.33,121.595,,,Industrial & Commercial Services,78
Beng Kuang,BEZ,BENK.SI,5.265,42.667,,,Industrial & Commercial Services,75
Best World,CGN,BEST.SI,731.949,599.524,,3.99,Personal & Household Products & Services,64
Beverly JCG,VFP,BEVE.SI,17.928,5.446,,,Healthcare Services,
BH Global,BQN,BHGC.SI,94.5,53.219,29.36,1.59,Industrial Goods,69
BHG Retail Reit,BMGU,BHGR.SI,289.121,60.561,,3.45,Real Estate,81.4
Biolidics,8YY,BIOL.SI,80.963,8.907,,,Healthcare Services,
BlackGoldNatural,41H,BLAC.SI,17.29,12.809,,,Energy - Fossil Fuels,66
Blumont,A33,BLUM.SI,110.283,3.499,,,Industrial & Commercial Services,59
Boldtek,5VI,BOLD.SI,18.377,38.264,,,Real Estate,77
Bonvests,B28,BVHS.SI,381.441,120.588,,0.32,Cyclical Consumer Services,63
Boustead,F9D,BTSS.SI,625.084,685.71,5.37,3.2,Industrial & Commercial Services,77
Boustead Proj,AVM,BOUS.SI,400,301.405,2.96,0.72,Industrial & Commercial Services,85
BRC Asia,BEC,BRCA.SI,367.443,646.541,21.14,1.33,Cyclical Consumer Products,54
Broadway Ind,B69,BRWY.SI,67.484,400.673,4.74,,Industrial Goods,53
Brook Crompton,AWC,BROO.SI,22.871,44.861,10.6,3.1,Industrial Goods,72
Bukit Sembawang,B61,BSES.SI,1276.433,374.25,15.36,0.81,Real Estate,77
Bumitama Agri,P8Z,BUMI.SI,808.465,846.118,7.67,5.22,Food & Beverages,77
Bund Center,BTE,BCIL.SI,456.294,,,3.75,Real Estate,68
Camsing Hc,BAC,CAMS.SI,30.28,12.958,,,Retailers,44
Capital World,1D5,CAPI.SI,9.16,13.869,,,Real Estate,53
CapitaLand,C31,CATL.SI,19313.789,6532.572,,2.46,Real Estate,123
CapLand China T,AU8U,CAPA.SI,2056.039,210.525,,4.65,Real Estate,98.2
CapLand IntCom T,C38U,CMLT.SI,13534.832,745.209,39.76,3.45,Real Estate,110.5
Captii,AWV,CAPT.SI,12.144,,,3.29,Telecommunications Services,58
Casa,C04,CASA.SI,14.058,16.112,8.69,7.46,Cyclical Consumer Products,43
CDL HTrust,J85,CDLT.SI,1485.383,117.558,,4.62,Real Estate,85.9
CDW,BXE,CDWH.SI,66.827,148.449,31.24,5.54,Technology Equipment,85
CEI,AVV,CEII.SI,101.124,123.489,16.57,4.71,Technology Equipment,79
Centurion,OU8,CNCL.SI,281.661,128.355,16.41,,Real Estate,89
CFM,5EB,CFMH.SI,31.843,18.642,,,Industrial Goods,71
CH Offshore,C13,CHOF.SI,32.434,25.114,,,Energy - Fossil Fuels,62
Challenger,573,CHAL.SI,208.851,270.84,8.99,4.46,Retailers,73
Charisma Energy,5QT,CHAR.SI,26.048,17.989,,,Utilities,52
Chasen,5NV,CHHL.SI,24.888,103.136,,,Transportation,87
ChasWood Res,5TW,CHAS.SI,2.205,0.556,,,Cyclical Consumer Services,41
Chemical Ind,C05,CHEM.SI,59.237,61.654,11.24,1.92,Chemicals,46
Cheung Woh,C50,CHWO.SI,87.664,41.858,,1.79,Industrial Goods,69
China Aviation,G92,CNAO.SI,909.493,13961.258,12.11,2.46,Energy - Fossil Fuels,84
China Env,5OU,CHEN.SI,30.344,1.213,,,Industrial & Commercial Services,59
China Env Res,RS1,1130.HK,150.704,70.194,,,Industrial & Commercial Services,
China Everbright,U9E,CEWL.SI,1463.817,969.054,4.16,6.71,Utilities,83
China Fishery,B0Z,CNFG.SI,264.632,647.329,,,Food & Beverages,45
China Haida,C92,CHHA.SI,1.02,6.358,,,Mineral Resources,68
China Intl,BEH,CHNA.SI,22.439,32.795,1.9,9.52,Industrial & Commercial Services,59
China Mining,BHD,CMIL.SI,7.04,0.654,,,Real Estate,57
China Sky Chem,E90,CSKY.SI,23.561,329.528,,,Cyclical Consumer Products,12
China Star Food,42W,CHIA.SI,28.282,52.618,,,Food & Beverages,48
China Yuanbang,BCD,CYBP.SI,22.208,114.36,2.05,,Real Estate,64
ChinaKangdaFood,P74,0834.HK,145.038,1842.542,,,Food & Beverages,56
ChinaKundaTech,GU5,CKUN.SI,10.245,6.64,,,Automobiles & Auto Parts,70
ChinaSunsine,QES,CHSN.SI,531.03,483.781,11.58,1.85,Chemicals,
Chip Eng Seng,C29,CESE.SI,374.929,674.633,,4.4,Real Estate,85
Choo Chiang,42E,CHOO.SI,49.92,,,3.75,Industrial Goods,46
Chuan Hup,C33,CHHS.SI,204.22,34.634,,4.55,Real Estate,63
CityDev,C09,CTDM.SI,7019.806,2108.426,,1.04,Real Estate,125
Civmec,P9D,CIVM.SI,305.671,540.214,12.24,2.52,Industrial & Commercial Services,83
Clearbridge,1H3,CLEA.SI,94.434,36.258,118.6,,Healthcare Services,70
CNMC Goldmine,5TP,CNMC.SI,91.731,31.697,,,Mineral Resources,79
Colex,567,COLX.SI,28.492,47.215,16.13,2.09,Industrial & Commercial Services,60
Combine Will,N0Z,CWIHx.SI,26.024,163.768,4.92,6.21,Cyclical Consumer Products,64
ComfortDelGro,C52,CMDG.SI,3619.596,3228.6,59.33,0.86,Transportation,110
Cordlife,P8A,CORD.SI,96.309,50.616,14.11,2.5,Healthcare Services,59
Cortina,C41,CORT.SI,455.341,430.615,13.04,2.18,Retailers,75
COSCO SHP SG,F83,COSC.SI,694.166,185.843,83.33,,Transportation,55
CosmoSteel,B9S,COSM.SI,27.588,65.768,13.12,5.26,Mineral Resources,85
Courage Inv,CIN,1145.HK,378.708,61.444,,,Transportation,
CPH,539,CIPH.SI,6.146,,,,Real Estate,59
Creative,C76,CREA.SI,195.75,102.86,,,Technology Equipment,58
CreditBureauAsia,TCU,CRED.SI,287.987,43.378,37.18,,Industrial & Commercial Services,
Cromwell Reit EUR,CWBU,CROM.SI,1269.679,186.972,14.62,7.67,Real Estate,
Cromwell Reit SGD,CWCU,,,,,,,
CSC,C06,CSCH.SI,46.382,225.173,,,Industrial & Commercial Services,56
CSE Global,544,CSES.SI,278.677,502.789,9.95,5.09,Software & IT Services,78
CWX Global,594,CWXG.SI,34.34,2.444,,,Energy - Fossil Fuels,80
DairyFarm USD,D01,DAIR.SI,5966.298,10268.5,22.02,3.74,Food & Drug Retailing,
Darco Water Tech,BLR,DRWT.SI,15.013,78.082,12.77,,Industrial & Commercial Services,67
Dasin Retail Tr,CEDU,DASI.SI,555.246,87.476,,5.55,Real Estate,85.9
Datapulse Tech,BKW,DATA.SI,40.682,0.68,,,Technology Equipment,63
DBS,D05,DBSM.SI,76706.195,12208,16.41,2.42,Banking & Investment Services,123
Debao Property,BTF,DPDL.SI,9.6,84.067,,,Real Estate,40
Del Monte Pac,D03,DMPL.SI,1330.426,3057.575,17.54,,Food & Beverages,109
Delfi,P34,DELF.SI,543.93,511.247,23.45,3.58,Food & Beverages,85
Design Studio,D11,DESS.SI,21.547,114.686,,,Retailers,54
Digilife Tech,BAI,DIGI.SI,31.109,264.036,,,Telecommunications Services,65
DISA,532,DISA.SI,10.039,10.365,,,Consumer Goods Conglomerates,61
Don Agro,GRQ,DONA.SI,60.109,30.996,6.79,2.89,Food & Beverages,
Dragon,MT1,DRGN.SI,1.342,2.889,,,Industrial Goods,64
Dukang,BKV,DDHL.SI,7.983,22.601,,,Food & Beverages,54
Dutech,CZ4,DTHL.SI,140.832,365.467,9.26,2.53,Technology Equipment,62
Duty Free Intl,5SO,DUTY.SI,98.336,71.981,,6.25,Transportation,63
Dyna-Mac,NO4,DMHL.SI,103.344,84.76,,,Industrial Goods,79
Eagle HTrust USD,LIW,EAGL.SI,119.567,69.414,,25.39,Real Estate,
EC World Reit,BWCU,ECWO.SI,657.528,116.994,24.32,7.03,Real Estate,80.3
Econ Healthcare,EHG,ECOE.SI,86.095,21.048,11.23,2.33,Healthcare Services,
EcoWise,5CT,ECOW.SI,70.854,50.811,67.27,,Industrial & Commercial Services,78
Edition,5HG,EDIT.SI,20.186,,,,Food & Beverages,64
Eindec,42Z,EIND.SI,8.724,20.395,,,Industrial Goods,58
EliteComREIT GBP,MXNU,ELIE.SI,312.726,20.963,9.53,7.52,Real Estate,
Ellipsiz,BIX,ELPZ.SI,57.659,54.565,3.83,2.9,Technology Equipment,54
EMAS Offshore,UQ4,,,,,,,
Eneco Energy,R14,ENEC.SI,16.866,36.389,,,Transportation,38
EnGro,S44,ENGR.SI,157.874,96.934,7.16,1.88,Mineral Resources,88
Envictus,BQD,ETIK.SI,31.167,117.886,,,Cyclical Consumer Services,52
Enviro-Hub,L23,EHHL.SI,102.961,30.77,,,Industrial & Commercial Services,56
Epicentre,5MQ,EPHL.SI,2.808,-3.175,,,Retailers,54
ES,5RC,ESGL.SI,12.002,17.533,12.23,2.94,Industrial Goods,72
ESR-REIT,J91U,ESRR.SI,1563.277,229.924,595.59,6.29,Real Estate,86.1
ETC Singapore,1C0,EMER.SI,33.39,27.827,,,Real Estate,82
EuroSports Gbl,5G1,EURO.SI,68.9,62.321,,,Retailers,71
Excelpoint,BDF,EXCE.SI,94.723,1471.717,6.91,3.8,Technology Equipment,72
Ezion,5ME,EZHL.SI,153.742,39.313,,,Energy - Fossil Fuels,82
Ezra,5DN,EZRA.SI,31.521,697.081,,,Energy - Fossil Fuels,30
F & N,F99,FRNM.SI,2105.161,1845.375,13.18,3.45,Food & Beverages,79
Fabchem China,BFT,FBCH.SI,17.082,27.451,,,Chemicals,68
Falcon Energy,5FL,FEGL.SI,22.755,39.521,,,Energy - Fossil Fuels,50
Far East,5TJ,FAEA.SI,11.815,54.57,,1.7,Industrial Goods,68
Far East HTrust,Q5T,FAEH.SI,1181.675,83.254,,3.33,Real Estate,99.2
Far East Orchard,O10,FARE.SI,491.924,112.215,304.23,2.78,Cyclical Consumer Services,92
Federal Int,BDU,FEDL.SI,19.004,68.142,,,Energy - Fossil Fuels,83
Figtree,5F4,FIGT.SI,23.846,8.817,,2.99,Real Estate,70
First Reit,AW9U,FRET.SI,433.79,79.619,,,Real Estate,74.9
First Resources,EB5,FRLD.SI,2170.18,876.714,16.37,2.19,Food & Beverages,94
First Sponsor,ADN,FSCA.SI,1278.815,203.936,15.23,2.79,Real Estate,86
FJ Benjamin,F10,FJBN.SI,38.423,68.194,,,Retailers,53
Food Empire,F03,FEMP.SI,497.337,362.369,13.84,2.4,Food & Beverages,42
Forise Int,8A1,FOIL.SI,2.812,2.24,,,Industrial & Commercial Services,
FortressMinerals,OAJ,FORR.SI,365,51.207,19.2,1.37,Mineral Resources,65
Fragrance,F31,FRAG.SI,779.52,111.305,464,3.02,Cyclical Consumer Services,60
Frasers Cpt Tr,J69U,FCRT.SI,4060.342,238.071,20.06,,Real Estate,76.2
Frasers HTrust,ACV,FRHO.SI,1011.189,65.893,,2.3,Real Estate,86.3
Frasers L&C Tr,BUOU,FRAE.SI,5252.308,444.985,7.61,5.02,Real Estate,92.5
Frasers Property,TQ5,FRPL.SI,4581.82,3029.705,20.02,1.28,Real Estate,87
Frencken,E28,FREN.SI,734.444,620.616,17.23,1.74,Industrial Goods,57
FSL Trust,D8DU,FSLT.SI,139.677,48.451,,58.79,Transportation,81.4
Fu Yu,F13,FUYU.SI,240.958,153.442,14.24,5,Industrial Goods,84
Fuji Offset,508,FOPS.SI,16.721,4.017,15.55,0.9,Industrial Goods,79
Full Apex,BTY,FULL.SI,17.32,205.79,,,Applied Resources,7
Fuxing China,AWK,FXCG.SI,11.888,144.68,,,Cyclical Consumer Products,54
G Invacom,QS9,GLOB.SI,28.805,136.809,7.99,,Technology Equipment,68
G K Goh,G41,GKHS.SI,319.938,135.617,679.31,2.03,Industrial & Commercial Services,61
Gallant Venture,5IG,GLVT.SI,721.565,138.199,,,Automobiles & Auto Parts,75
GCCP,41T,GCCP.SI,20.288,1.604,,,Mineral Resources,49
GDS Global,5VP,GDSG.SI,4.704,10.395,,7.14,Cyclical Consumer Products,63
Genting Sing,G13,GENS.SI,10582.273,1063.749,155.69,1.14,Cyclical Consumer Services,83
Geo Energy Res,RE4,GEOE.SI,307.84,442.637,2.52,5,Energy - Fossil Fuels,93
GHY Culture,XJB,GHYC.SI,762.392,127.095,15.76,1.51,Cyclical Consumer Services,
GKE,595,GKEC.SI,107.285,112.344,11.11,,Transportation,67
GL,B16,GLLI.SI,1060.249,112.041,,,Cyclical Consumer Services,60
Global Dragon,586,GLOL.SI,47.738,5.23,,,Real Estate,73
Global Inv,B73,GLNV.SI,262.024,18.766,17.21,5.26,Collective Investments,105
Global Palm Res,BLW,GPRL.SI,48.403,26.02,,,Food & Beverages,55
Global Testing,AYN,GTCL.SI,12.321,30.39,26.08,,Technology Equipment,52
Golden Agri-Res,E5H,GAGR.SI,3145.199,9395.896,73.24,1.96,Food & Beverages,81
Golden Energy,AUE,GOLD.SI,418.852,1543.467,38.98,,Energy - Fossil Fuels,70
Goodland,5PC,GLGP.SI,53.199,14.654,,1.67,Real Estate,54
GP Industries,G20,GPEI.SI,297.174,1182.101,8.7,2.19,Industrial Goods,61
Grand Banks,G50,GBYL.SI,55.39,111.597,18.53,,Cyclical Consumer Products,94
Grand Venture,JLB,GRAN.SI,238.508,61.4,35.02,,Industrial Goods,64
Great Eastern,G07,GELA.SI,10730.144,21457.801,11.17,2.65,Insurance,95
Green Build,Y06,GREE.SI,5.18,1.549,9.62,,Industrial & Commercial Services,57
GRP,BLU,GRPS.SI,36.416,20.548,,,Real Estate,84
GS Hldg,43A,GSHO.SI,85.097,13.583,178.29,2.17,Cyclical Consumer Services,37
GSH,BDX,GSHC.SI,385.522,120.213,,1.28,Cyclical Consumer Services,70
GSS Energy,41F,GSSE.SI,32.296,106.376,5.78,,Industrial Goods,60
Guoan Intl,G11,0143.HK,387.448,168.839,,,Technology Equipment,
GuocoLand,F17,GUOC.SI,1893.397,689.355,40.89,3.75,Real Estate,104
GYP Properties,AWS,GYPP.SI,37.238,46.506,,,Real Estate,60
Hafary,5VS,HFRY.SI,68.888,84.315,12.96,6.25,Cyclical Consumer Products,70
Hai Leck,BLH,HLHL.SI,119.476,106.378,12.98,1.72,Energy - Fossil Fuels,65
Halcyon Agri,5VJ,HALC.SI,406.728,2268.413,,,Automobiles & Auto Parts,88
Hanwell,DM0,HANW.SI,242.674,471.385,10.57,1.18,Applied Resources,73
Hatten Land,PH0,HATT.SI,44.665,-1.486,,0.12,Real Estate,58
Haw Par,H02,HPAR.SI,3020.147,111.032,25.22,2.2,Pharmaceuticals & Medical Research,89
HC Surgical,1B1,HCSU.SI,73.427,17.934,11.52,4.95,Healthcare Services,64
HealthBank,40B,HEAL.SI,6.552,0,3.44,,Cyclical Consumer Services,46
Healthway Med,5NG,HEMC.SI,158.508,97.433,48.61,,Healthcare Services,67
Heatec Jietong,5OR,HTJT.SI,3.689,,,,Cyclical Consumer Products,83
Heeton,5DP,HEET.SI,94.621,26.17,,1.55,Real Estate,53
Hengyang Petro,5PD,HNYG.SI,31.74,25.473,6.65,,Energy - Fossil Fuels,59
HG Metal,BTG,HGMM.SI,37.877,91.693,35.98,1.72,Mineral Resources,68
HGH,5GZ,HGHH.SI,17.809,11.696,,,Technology Equipment,54
Hiap Hoe,5JK,HIAP.SI,313.208,79.552,,0.76,Real Estate,74
Hiap Seng,510,HSEN.SI,6.016,118.445,,,Energy - Fossil Fuels,62
Hiap Tong,5PO,HTCL.SI,18.176,47.931,,,Banking & Investment Services,59
HL Global Ent,AVX,HLGE.SI,28.644,,,,Cyclical Consumer Services,79
Ho Bee Land,H13,HBEE.SI,1870.879,215.681,13.38,3.01,Real Estate,76
Hock Lian Seng,J2T,HLSG.SI,120.344,60.238,28.42,1.06,Industrial & Commercial Services,68
Hoe Leong,H20,HLEC.SI,11.262,43.683,,,Industrial Goods,64
Hong Fok,H30,HONG.SI,718.255,80.399,,1.21,Real Estate,102
Hong Lai Huat,CTO,HONL.SI,47.124,7.964,,,Real Estate,66
Hong Leong Asia,H22,HLAA.SI,721.643,4496.207,15.95,1.04,Automobiles & Auto Parts,98
Hong Leong Fin,S41,HLSF.SI,1087.66,310.785,17.02,3.7,Banking & Investment Services,99
HongkongLand USD,H78,HKLD.SI,11552.944,2094.2,,4.44,Real Estate,
Hor Kew,BBP,HKEW.SI,13.537,,,,Industrial & Commercial Services,42
Hosen,5EV,HSNG.SI,30.003,71.523,9.34,2.38,Food & Drug Retailing,59
Hotel Grand,H18,HGCS.SI,770.128,93.069,20.53,3.77,Cyclical Consumer Services,56
Hotel Royal,H12,HTRS.SI,299.376,30.618,,0.84,Cyclical Consumer Services,92
Hotung Inv,BLS,HOTU.SI,188.389,48.376,6.94,10.66,Banking & Investment Services,39
HPH Trust SGD,P7VU,,,,,,,
HPH Trust USD,NS8U,HPHT.SI,2047.109,1379.956,19.1,6.7,Transportation,73.9
HPL,H15,HPPS.SI,1731.348,258.76,,1.2,Cyclical Consumer Services,47
HRnetGroup,CHZ,HRNE.SI,692.814,433.041,14.67,3.65,Industrial & Commercial Services,80
HS Optimus,504,HSOP.SI,21.522,21.656,,,Cyclical Consumer Products,66
Hu An Cable,KI3,HACH.SI,8.486,32.179,,,Industrial Goods,53
Huationg Global,41B,HUAT.SI,12.262,115.958,,,Industrial & Commercial Services,76
Hwa Hong,H19,HWHS.SI,189.516,10.311,40.45,3.45,Real Estate,74
Hyflux,600,HYFL.SI,174.417,150.18,,,Utilities,38
Hyphens Pharma,1J5,HYPH.SI,94.635,123.698,15.35,1.97,Pharmaceuticals & Medical Research,56
ICP Ltd,5I4,ICPL.SI,31.117,4.656,,,Real Estate,44
IFAST,AIY,IFAS.SI,2268.875,186.784,88.59,0.43,Financial Technology (Fintech) & Infrastructure,80
IFS Capital,I49,IFAC.SI,72.562,41.179,91.47,1.04,Banking & Investment Services,73
IHH,Q0F,IHHH.KL,46529.09,13795.208,51.96,0.75,Healthcare Services,
Imperium Crown,5HT,IMPE.SI,11.06,2.223,,,Real Estate,75
Inch Kenneth,I4R,IKEN.KL,195.649,10.061,,,Cyclical Consumer Services,
Incredible,RDR,INCR.SI,14.968,3.258,,,Technology Equipment,76
Indofood Agri,5JS,IFAR.SI,521.202,1345.6,286.76,,Food & Beverages,74
Informatics,BOU,INFO.SI,4.433,7.132,,,Personal & Household Products & Services,56
InnoPac,I26,INPS.SI,8.649,-0.005,,,Real Estate,37
InnoTek,M14,INTK.SI,235.557,183.192,15.71,2.09,Technology Equipment,75
Interra Resource,5GI,INTR.SI,26.875,14.332,,,Energy - Fossil Fuels,65
Intl Cement,KUO,INTN.SI,223.655,141.626,25.32,,Mineral Resources,
Intraco,I06,ITRS.SI,25.413,135.942,,,Industrial & Commercial Services,86
IPC Corp,AZA,IPCC.SI,15.353,5.412,,,Cyclical Consumer Services,61
IPS Securex,42N,IPSS.SI,35.478,14.472,30.42,,Technology Equipment,76
IREIT Global,UD1U,IREI.SI,615.632,60.871,14.31,7.27,Real Estate,76
ISDN,I07,ISDN.SI,269.909,361.864,17.65,1.29,Industrial Goods,91
ISEC,40T,ISEC.SI,159.699,36.129,34.2,2.76,Healthcare Services,79
Isetan,I15,ISET.SI,165,77.16,,1.25,Retailers,73
ISOTeam,5WF,ISOT.SI,46.681,64.633,,3.13,Industrial & Commercial Services,76
IX Biopharma,42C,IXBI.SI,170.729,1.521,,,Pharmaceuticals & Medical Research,61
Jackspeed,J17,JACK.SI,39.295,0,,,Automobiles & Auto Parts,67
Jadason,J03,JADA.SI,21.056,41.086,,,Technology Equipment,56
Japan Foods,5OI,JPFD.SI,70.647,51.002,19.42,2.47,Cyclical Consumer Services,82
Japfa,UD2,JAPF.SI,1803.082,5338.546,4.07,1.12,Food & Beverages,82
Jardine C&C,C07,JCYC.SI,8647.77,17568.4,12.06,2.6,Automobiles & Auto Parts,91
Jason Marine,5PF,JMGL.SI,14.31,30.149,45.45,3.7,Technology Equipment,70
Jasper Inv,FQ7,JASP.SI,17.417,-0.025,,,Energy - Fossil Fuels,41
Jawala,1J7,JAWA.SI,22.51,,,,Applied Resources,59
JB Foods,BEW,JBFO.SI,187.984,554.568,7.3,3.23,Food & Beverages,75
JEP,1J4,JEPH.SI,84.859,73.284,386.79,,Industrial Goods,46
JES Intl,EG0,JSIH.SI,30.865,0,,,Industrial Goods,12
Jiutian Chemical,C8R,JUTN.SI,186.914,237.624,4.9,3.72,Chemicals,54
JMH USD,J36,JARD.SI,45607.219,32647,,2.72,Consumer Goods Conglomerates,
Joyas Intl,E9L,JIHL.SI,8.855,0.315,,,Cyclical Consumer Products,47
Jubilee,NHD,JLJH.SI,11.045,113.343,,,Industrial Goods,59
Jumbo,42R,JUMB.SI,212.096,97.573,,3.64,Cyclical Consumer Services,74
Karin Tech,K29,KARI.SI,69.797,288.125,74.75,3.97,Technology Equipment,80
Katrina,1A0,KATR.SI,28.94,57.419,,,Cyclical Consumer Services,51
Kencana Agri,BNE,KCAL.SI,47.07,138.437,8.82,,Food & Beverages,67
Keong Hong,5TT,KEHO.SI,83.685,49.438,,,Industrial & Commercial Services,57
Kep Infra Tr,A7RU,KEPL.SI,2770.002,1551.9,,6.7,Utilities,79.5
KepPacOakReitUSD,CMOU,KPEL.SI,719.999,139.59,12.67,8.2,Real Estate,91.5
Keppel Corp,BN4,KPLM.SI,9685.367,6574.342,,1.88,Consumer Goods Conglomerates,122
Keppel DC Reit,AJBU,KEPE.SI,4231.008,265.571,25.15,3.19,Real Estate,88.3
Keppel Reit,K71U,KASA.SI,4294.985,170.223,,,Real Estate,81.9
Khong Guan,K03,KHON.SI,39.493,63.861,33.43,1.31,Food & Beverages,55
Kim Heng,5G2,KIMH.SI,48.28,37.643,,,Energy - Fossil Fuels,65
Kimly,1D0,KIML.SI,419.575,226.037,11.33,4,Cyclical Consumer Services,67
King Wan,554,KIWC.SI,12.221,45.906,,,Industrial & Commercial Services,71
KingsmenCreative,5MZ,KMEN.SI,59.575,286.958,,,Industrial & Commercial Services,54
Kitchen Culture,5TI,KCHL.SI,36.521,12.743,,,Retailers,71
Koda,BJZ,KODA.SI,58.078,87.15,8.58,1.43,Cyclical Consumer Products,92
Koh Bros,K75,KBRO.SI,74.46,243.066,,,Industrial & Commercial Services,60
Koh Eco,5HV,KBEE.SI,126.48,182.264,,,Industrial & Commercial Services,55
Koon,5DL,KOON.SI,11.133,89.27,,,Industrial & Commercial Services,
KOP,5I1,KOPL.SI,58.722,8.824,,,Cyclical Consumer Services,86
Kori,5VC,KORI.SI,14.384,14.74,32.66,,Industrial & Commercial Services,74
Koufu,VL6,KOUF.SI,363.632,192.375,36.78,1.83,Cyclical Consumer Services,74
Koyo Intl,5OC,KOYO.SI,12.552,16.861,28.83,0.78,Industrial & Commercial Services,55
KrisEnergy,SK3,KRIS.SI,44.997,60.255,,,Energy - Fossil Fuels,78
KS Energy,578,KSTL.SI,17.148,39.982,,,Energy - Fossil Fuels,49
KSH,ER0,KSHH.SI,210.802,153.094,,5.95,Industrial & Commercial Services,74
KTL Global,EB7,KTLG.SI,20.834,1.985,,,Cyclical Consumer Services,57
KTMG,XCF,KTMG.SI,33.936,70.995,10.95,,Cyclical Consumer Products,55
Lasseters Intl,5EL,LASS.SI,19.955,37.155,,,Cyclical Consumer Services,54
Leader Env,LS9,LETL.SI,157.91,2.848,,,Industrial & Commercial Services,52
Lendlease Reit,JYEU,LEND.SI,909.367,75.737,31.88,4.77,Real Estate,
Ley Choon,Q0X,LEYC.SI,16.587,75.594,16.67,,Industrial & Commercial Services,84
LHN,41O,LHNL.SI,118.721,147.072,3.32,5.93,Real Estate,76
LHT,BEI,LHTH.SI,33.811,33.625,11.64,4.72,Applied Resources,80
Lian Beng,L03,LIBG.SI,248.987,442.103,8.49,2.13,Industrial & Commercial Services,65
Libra,5TR,LIGL.SI,7.553,37.191,,,Industrial & Commercial Services,70
LifeBrandz,1D3,LIFE.SI,14.422,0.719,,,Cyclical Consumer Services,55
LifeBrandz R,FZWR,,,,,,,
Lion Asiapac,BAZ,LIAS.SI,38.119,16.592,162.63,,Mineral Resources,56
Lippo Malls Tr,D5IU,LMRT.SI,491.094,127.215,,4.38,Real Estate,90.5
Livingstone,PRH,LIVI.SI,59.714,0.343,,,Healthcare Services,
Lonza,O6Z,LONN.S,43698.262,4508,60.03,0.51,Pharmaceuticals & Medical Research,
Lorenzo Intl,5IE,LRZI.SI,6.589,24.919,,,Retailers,50
Low Keng Huat,F1E,LKH.SI,365.714,52.324,5.73,5.05,Industrial & Commercial Services,65
Lum Chang,L19,LUCS.SI,154.012,265.843,,4.38,Industrial & Commercial Services,65
Luminor,5UA,LUMI.SI,14.184,7.748,,30.61,Real Estate,69
Lung Kee Bermuda,L09,0255.HK,2210.871,2064.882,12.21,8,Industrial Goods,
Luxking,BKK,LUKG.SI,3.099,87.019,2.16,,Chemicals,59
LY Corp,1H8,LYCO.SI,81.687,76.88,52.51,0.5,Cyclical Consumer Products,74
M Development,N14,MDVT.SI,3.75,0.04,,,Mineral Resources,25
Magnus Energy,41S,MAGN.SI,12.608,10.628,,,Energy - Fossil Fuels,58
Man Oriental USD,M04,MOIL.SI,2412.894,183.7,,,Cyclical Consumer Services,
Manhattan Res,L02,MANH.SI,125.433,9.182,5.87,,Utilities,51
ManulifeReit USD,BTOU,MANU.SI,1201.704,194.312,,7.47,Real Estate,93.8
Mapletree Com Tr,N2IU,MACT.SI,6839.615,478.997,99.66,3.91,Real Estate,67.7
Mapletree Ind Tr,ME8U,MAPI.SI,7366.449,447.203,38.54,3.95,Real Estate,81.2
Mapletree Log Tr,M44U,MAPL.SI,8523.579,561.14,18.19,3.93,Real Estate,85.2
Mapletree NAC Tr,RW0U,MAPE.SI,3654.631,391.415,,5.83,Real Estate,90.2
MarcoPolo Marine,5LY,MAPM.SI,88.17,30.849,,,Transportation,42
Maruwa Yen1k,M12,5344.T,134112.484,41438.02,19.28,0.59,Technology Equipment,
Mary Chia,5OX,MARY.SI,10.291,6.786,,,Personal & Household Products & Services,65
Matex Intl,M15,MATE.SI,10.286,24.629,,,Chemicals,75
Maxi-Cash Fin,5UF,MAXI.SI,187.381,262.821,6.4,19.06,Banking & Investment Services,71
MC Payment,TVV,MCPA.SI,96.648,,,,Industrial & Commercial Services,
MDR Limited,Y3D,MDRT.SI,72.566,192.797,,3.88,Retailers,
Medi Lifestyle,5TN,MEDL.SI,13.845,0.134,,,Healthcare Services,79
Medinex,OTX,MEDN.SI,28.866,10.786,8.26,3.82,Industrial & Commercial Services,84
Medtecs Intl,546,MTCS.SI,538.423,531.434,3.08,6.87,Healthcare Services,55
MegaChem,5DS,MEGA.SI,55.986,105.239,10.92,3.57,Chemicals,83
MeGroup,SJY,MEGR.SI,18.765,60.942,2118.53,2.46,Automobiles & Auto Parts,68
Memiontec,SYM,MEMI.SI,47.355,34.606,35.71,0.86,Utilities,
Memories,1H4,MEMO.SI,24.606,2.837,,,Cyclical Consumer Services,
Mencast,5NF,MCHL.SI,21.638,43.209,,,Energy - Fossil Fuels,61
Mercurius,5RF,MERC.SI,79.139,0,,,Real Estate,51
Mermaid Maritime,DU4,MMPC.SI,104.586,106.601,,,Energy - Fossil Fuels,83
Metal Component,5DX,META.SI,14.821,32.233,,,Mineral Resources,56
Metech Intl,V3M,METE.SI,11.004,2.548,,,Industrial & Commercial Services,39
Metro,M01,MTHL.SI,656.923,97.323,17.8,2.53,Retailers,75
Mewah Intl,MV4,MEWI.SI,675.3,4574.37,5.88,1.67,Food & Beverages,78
MFG Integration,M11,MITD.SI,15.367,10.004,,293.75,Technology Equipment,74
Micro-Mechanics,5DD,MMEC.SI,433.779,70.957,25.2,3.53,Technology Equipment,110
Midas,5EN,MIDA.SI,357.525,,,,Mineral Resources,9
MindChamps,CNE,MIND.SI,68.856,51.8,21.71,,Personal & Household Products & Services,74
Mirach Energy,AWO,MIEL.SI,1.621,0.862,,,Food & Beverages,50
Miyoshi,M03,MIYO.SI,21.443,40.539,,,Technology Equipment,90
MM2 Asia,1B0,MM2A.SI,158.141,75.23,,,Cyclical Consumer Services,79
MoneyMax Fin,5WJ,MFSL.SI,91.988,197.147,4.51,4.54,Retailers,65
Moya Asia,5WE,MOYA.SI,285.844,240.123,8.17,,Industrial & Commercial Services,78
MS Hldgs,40U,MSHO.SI,6.466,10.442,,,Industrial & Commercial Services,62
MSC,NPW,MSCB.KL,860,883.952,17.04,0.47,Mineral Resources,
MSM Intl,5QR,MSML.SI,2.529,21.454,,,Industrial Goods,57
MTQ,M05,MTLS.SI,51.921,49.052,,3.13,Energy - Fossil Fuels,72
Multi-Chem,AWZ,MCHE.SI,147.756,479.714,8.31,4.02,Technology Equipment,73
Mun Siong Engg,MF6,MSEL.SI,27.914,46.929,,0.83,Industrial & Commercial Services,76
Murata Yen1k,PJX,,,,,,,
MYP,F86,MYPL.SI,127.398,21.664,666.67,,Real Estate,67
Nam Cheong,N4E,NMCG.SI,31.294,119.524,,,Industrial Goods,66
Nam Lee Metal,G0I,NLPM.SI,82.873,155.027,5.8,2.94,Cyclical Consumer Products,45
Nanofilm,MZH,NANO.SI,3592.63,,,,Chemicals,
Natural Cool,5IF,NCHL.SI,14.776,120.208,11.61,2.54,Industrial & Commercial Services,81
NauticAWT,42D,NAUT.SI,15.09,7.872,,,Cyclical Consumer Services,54
Neo,5UJ,NEOG.SI,86.937,182.82,4.93,1.98,Cyclical Consumer Services,82
NeraTel,N01,NERA.SI,64.418,131.118,17.13,2.81,Technology Equipment,88
Net Pacific Fin,5QY,NPFH.SI,12.615,0.591,,,Banking & Investment Services,55
NetLink NBN Tr,CJLU,NETL.SI,3721.607,368.466,39.25,5.32,Telecommunications Services,98.9
New Silkroutes,BMT,NEWS.SI,33.905,121.554,,,Healthcare Services,52
New Toyo,N08,NTYO.SI,92.279,242.385,12.15,7.14,Applied Resources,79
New Wave,5FX,NEWW.SI,15.547,14.607,,,Mineral Resources,61
NGSC,B07,NGSC.SI,6.421,0,,,Telecommunications Services,40
Nico Steel,5GF,NICO.SI,4.962,22.933,4.71,,Mineral Resources,63
Nippecraft,N32,NIPP.SI,14.056,189.896,120.53,,Applied Resources,70
No Signboard,1G6,NOSI.SI,25.432,8.156,,,Cyclical Consumer Services,58
Noble,CGP,NOBG.SI,50.142,4660.94,,,Industrial & Commercial Services,8
Noel Gifts Intl,543,NOEL.SI,20.495,18.421,11.16,1,Retailers,55
Nomura Yen1k,N33,8604.T,1948221.5,1617235,12.67,5.81,Banking & Investment Services,
Nordic,MR7,NRGL.SI,128,80.794,22.78,1.72,Industrial & Commercial Services,78
NSL,N02,NATS.SI,300.714,247.106,,6.21,Mineral Resources,48
Ntegrator Intl,5HC,NTOR.SI,13.853,23.102,,,Software & IT Services,58
NutryFarm,AZT,NUTR.SI,35.781,13.585,,,Software & IT Services,50
OCBC Bank,O39,OCBC.SI,55497.813,9143,15.44,2.57,Banking & Investment Services,114
Ocean Sky Intl,1B6,OCEA.SI,21.529,23.954,,,Industrial & Commercial Services,66
Oceanus,579,OCGL.SI,923.283,92.068,126.67,,Food & Beverages,52
OEL,584,OELH.SI,14.007,0.683,,,Real Estate,63
OIO,KUX,OIOH.SI,23.321,1.468,,,Industrial & Commercial Services,
OKH Global,S3N,OKHG.SI,23.702,15.138,,,Industrial & Commercial Services,62
OKP,5CF,OKPH.SI,57.368,69.627,17.37,3.76,Industrial & Commercial Services,75
Olam Intl,O32,OLAM.SI,5953.254,35820.043,31.24,4.12,Food & Beverages,95
Old Chang Kee,5ML,OCKL.SI,86.176,81.605,15.88,1.41,Cyclical Consumer Services,74
Olive Tree,1H2,OLIV.SI,7.642,3.804,,,Real Estate,61
OneApex,5SY,ONEA.SI,13.604,1.154,,,Real Estate,57
Ossia Intl,O08,OSSA.SI,33.094,24.59,12.34,6.87,Retailers,35
OUE,LJ3,OVES.SI,1265.63,530.455,,0.75,Real Estate,64
OUE Com Reit,TS0U,OUEC.SI,2146.163,292.007,,5.28,Real Estate,92.9
OUE Lippo HC,5WA,OUEL.SI,177.725,19.98,,,Healthcare Services,79
Ouhua Energy,AJ2,OUEH.SI,24.147,,,,Energy - Fossil Fuels,44
Overseas Edu,RQ1,OVER.SI,114.225,79.055,11.09,8.36,Academic & Educational Services,64
Oxley,5UX,OXHL.SI,1023.363,1384.268,,2.08,Real Estate,65
P5 Capital,5AI,P5CA.SI,24.133,4.958,,,Cyclical Consumer Products,48
Pacific Andes,P11,PACF.SI,179.347,1103.5,,,Food & Beverages,50
Pacific Century,P15,PCEN.SI,927.409,23.6,,8.49,Holding Companies,69
Pacific Radiance,T8V,PACI.SI,73.707,84.323,,,Energy - Fossil Fuels,71
Pacific Star Dev,1C5,PACS.SI,21.6,1.142,,,Real Estate,63
Pan Asian,5EW,PANA.SI,8.568,22.927,,4.5,Utilities,47
Pan Hong,P36,PANH.SI,111.554,277.968,1.92,6.98,Real Estate,60
Pan Ocean,AZY,PANOx.SI,4214.141,3113.232,28.71,15.86,Transportation,27
PanUnited,P52,PANU.SI,221.129,405.024,214.29,2.54,Mineral Resources,61
Parkson Retail,O9E,PRAL.SI,8.128,173.413,,,Retailers,79
ParkwayLife Reit,C2PU,PWLR.SI,2607.56,121.022,26.01,2.89,Real Estate,80.3
Pavillon,596,PAVI.SI,14.734,8.486,,,Cyclical Consumer Services,42
PEC,IX2,PECL.SI,115.072,378.448,,1.11,Energy - Fossil Fuels,58
Penguin Intl,BTM,PGUN.SI,142.01,119.417,10.75,2.71,Transportation,84
Pharmesis Intl,BFK,PHAR.SI,5.06,9.767,,,Pharmaceuticals & Medical Research,45
Pine Cap,ADJ,PINC.SI,6.428,0.63,,,Banking & Investment Services,11
Plastoform,AYD,PFML.SI,0.505,0.772,,,Technology Equipment,41
PlatoCapital,YYN,PLAT.SI,15.953,,,,Software & IT Services,
PNE Industries,BDA,PNEI.SI,74.686,82.027,17.99,5.62,Industrial Goods,36
Polaris,5BI,POLA.SI,68.213,,,,Retailers,58
Pollux Prop,5AE,PLPS.SI,129.695,,,,Real Estate,55
Powermatic Data,BCY,PMDS.SI,95.951,26.251,12.62,,Technology Equipment,52
Prime US ReitUSD,OXMU,PRIE.SI,913.449,143.557,38.36,8.07,Real Estate,83.4
Procurri,BVQ,PROC.SI,97.099,233.467,35.71,,Software & IT Services,59
Progen,583,POGN.SI,17.573,3.014,,,Industrial & Commercial Services,60
PropNex,OYY,PROP.SI,577.2,600.596,15.89,3.53,Real Estate,72
Prudential USD,K6S,PRU.L,38541.027,39688.773,25.49,0.81,Insurance,
PSL,BLL,PSLL.SI,8.242,8.475,,,Industrial & Commercial Services,61
Q&M Dental,QC7,QMDT.SI,547.324,,,2.5,Healthcare Services,73
QAF,Q01,QAFS.SI,549.381,561.785,13.06,5.24,Food & Beverages,75
Qian Hu,BCV,QIAN.SI,26.679,75.233,,0.85,Food & Beverages,103
QT Vascular,5I0,QTVA.SI,13.437,,,,Healthcare Services,59
Raffles Edu,NR7,RLSE.SI,246.477,96.785,20.12,,Academic & Educational Services,38
Raffles Infrastructure,LUY,RAFL.SI,16.65,4.16,,,Industrial & Commercial Services,56
Raffles Medical,BSL,RAFG.SI,2110.267,568.203,31.65,2.21,Healthcare Services,66
RE&S Hldg,1G1,RESH.SI,55.224,108.191,9.16,3.21,Cyclical Consumer Services,73
Reclaims Global,NEX,RECL.SI,31.44,24.722,14.49,4.17,Industrial & Commercial Services,75
Reenova Investment,5EC,REEN.SI,20.233,0,,,Banking & Investment Services,66
Regal Intl,UV1,REGI.SI,25.865,18.267,,,Real Estate,49
Renaissance United,I11,RENA.SI,18.542,66.767,11.11,,Utilities,64
Resources Gbl,QSD,RESU.SI,19.35,73.247,6.16,,Energy - Fossil Fuels,
Resources Prima,5MM,RESO.SI,46.022,0,,,Energy - Fossil Fuels,61
Revez,RCU,REVE.SI,44.387,6.623,449.15,,Software & IT Services,
Rex Intl,5WH,REXI.SI,244.684,61.946,,,Energy - Fossil Fuels,88
RH PetroGas,T13,RHPG.SI,77.099,74.122,,,Energy - Fossil Fuels,71
RHT HealthTrust,RF1U,RHTH.SI,15.256,0,,,Real Estate,46.2
Rich Capital,5G4,RICH.SI,21.431,0,,,Mineral Resources,56
Riverstone,AP4,RVHL.SI,2049.168,589.604,9.81,4.24,Healthcare Services,73
Roxy-Pacific,E8Z,RXYP.SI,459.517,198.431,,3.11,Real Estate,88
Ryobi Kiso,BDN,RKHL.SI,38.327,146.908,,,Industrial & Commercial Services,66
Sabana Reit,M1GU,SABA.SI,447.561,71.701,,5.39,Real Estate,71.5
Sakae,5DO,SAKA.SI,20.448,22.427,6.18,,Cyclical Consumer Services,46
Samko Timber,E6R,SAMT.SI,83.469,,,,Applied Resources,67
SamuderaShipping,S56,SAMU.SI,180.609,461.831,18.78,2.24,Transportation,76
Samurai,1C3,SAMR.SI,113.219,35.646,20.07,1.46,Chemicals,75
Sanli Env,1E3,SANL.SI,20.955,65.856,54.93,0.77,Industrial & Commercial Services,79
Santak,580,SATK.SI,6.455,12.634,,,Industrial Goods,49
Sapphire,BRD,SAPP.SI,44.02,228.656,5.5,,Industrial & Commercial Services,64
Sarine Tech,U77,SARI.SI,215.74,54.385,67.97,0.87,Industrial Goods,53
Sasseur Reit,CRPU,SASS.SI,1118.706,131.722,20.82,7.61,Real Estate,83.7
SATS,S58,SATS.SI,4496.225,970,,1.5,Transportation,131
SBI Offshore,5PL,SBIO.SI,9.488,0,,,Energy - Fossil Fuels,68
SBS Transit,S61,SBVV.SI,941.832,1230.947,11.93,2.09,Transportation,106
Second Chance,528,SECD.SI,206.774,26.851,35.08,1.64,Retailers,66
Secura,43B,SECU.SI,33.2,33.916,11.16,4.82,Industrial & Commercial Services,59
Sembcorp Ind,U96,SCIL.SI,3896.854,5447,27.81,1.83,Utilities,118
Sembcorp Marine,S51,SCMN.SI,2511.129,1510.28,,,Industrial Goods,94
Sen Yue,5BS,SENY.SI,21.654,175.106,,,Mineral Resources,58
Serial System,S69,SERL.SI,80.615,970.933,223.48,1.24,Industrial Goods,84
Seroja Inv,IW5,SERO.SI,30.841,,,,Transportation,56
SGX,S68,SGXL.SI,11112.932,1095.005,22.37,3.09,Banking & Investment Services,121
Shanghai Turbo,AWM,SHTU.SI,19.838,9.625,,,Industrial Goods,49
Shangri-La HKD,S07,0069.HK,25815.781,8017.461,,,Cyclical Consumer Services,
Shen Yao,A78,SHEY.SI,261.65,91.04,,,Mineral Resources,45
Sheng Siong,OV8,SHEN.SI,2375.588,1402.81,16.79,4.11,Food & Drug Retailing,67
Shinvest,BJW,SHIN.SI,74.763,11.84,,1.4,Industrial Goods,42
Shopper360,1F0,SHOP.SI,11.44,48.803,12.38,,Cyclical Consumer Services,72
SHS,566,SEEH.SI,110.149,35.146,,,Industrial & Commercial Services,61
SIA,C6L,SIAL.SI,14589.963,3815.9,,1.15,Transportation,94
SIA Engineering,S59,SIAE.SI,2473.056,443,,3.64,Transportation,97
SIA LTD R,ZJGR,,,,,,,
SIA LTD R1,1P2R,,,,,,,
SIIC Environment,BHK,SIIC.SI,528.011,1413.994,3.87,4.88,Utilities,66
Silkroad Nickel,STP,SILK.SI,107.098,0.631,,,Mineral Resources,74
Silverlake Axis,5CP,SLVX.SI,674.118,198.669,13.22,3.72,Software & IT Services,79
Sim Leisure,URR,SIMI.SI,30.268,3.085,11.32,,Cyclical Consumer Services,71
Sin Ghee Huat,B7K,SGHC.SI,58.83,29.335,,,Mineral Resources,55
Sin Heng Mach,BKA,SIHM.SI,37.913,53.356,31.46,1.52,Industrial Goods,64
Sinarmas Land,A26,SINA.SI,1296.556,910.476,11.88,0.32,Real Estate,84
Sincap,5UN,SINC.SI,8.505,5.09,,,Energy - Fossil Fuels,39
Sing Inv & Fin,S35,SINV.SI,226.981,79.44,9.67,2.5,Banking & Investment Services,97
Sing Paincare,FRQ,SINR.SI,29.638,,,4.24,Healthcare Services,
Singapore O&G,1D8,SINP.SI,124.142,39.889,13.07,6.54,Healthcare Services,94
SingaporeKitchen,5WG,SING.SI,10.385,22.211,82.72,,Cyclical Consumer Products,75
SingaporeLandGrp,U06,SIND.SI,3825.222,671.125,42.39,1.31,Real Estate,54
SingHaiyi,5H0,SIHL.SI,283.821,94.788,837.5,,Real Estate,73
SingHoldings,5IC,SHDS.SI,154.383,173.102,9.32,2.6,Real Estate,73
SingMedical,5OT,SMGL.SI,159.397,87.34,18.26,1.21,Healthcare Services,65
SingMyanmar,Y45,SINO.SI,7.716,13.526,,,Transportation,62
SingPost,S08,SPOS.SI,1649.44,1375.916,45.65,3.03,Transportation,111
SingReinsurance,S49,SPRS.SI,208.711,134.227,40.84,2,Insurance,67
SingShipping,S19,SSHP.SI,103.997,55.979,7.61,3.85,Industrial Goods,73
Singtel,Z74,STEL.SI,39304.832,15644,70.33,3.15,Telecommunications Services,128
Singtel 10,Z77,,,,,,,
Sinjia Land,5HH,SINJ.SI,4.609,,,,Cyclical Consumer Services,73
Sino Grandness,T4B,SOGF.SI,22.988,608.333,0.46,,Food & Beverages,42
SinoCloud,5EK,SINL.SI,31.756,2.859,,,Software & IT Services,49
Sinopipe,X06,SPHL.SI,39.173,0,,,Cyclical Consumer Products,36
Sinostar Pec,C9Q,SNSR.SI,224,696.232,4.98,1.43,Energy - Fossil Fuels,68
Sitra,5LE,SITR.SI,19.653,17.268,,,Applied Resources,59
SLB Dev,1J0,SLBD.SI,104.995,45.362,9.66,,Real Estate,61
Soilbuild Const,S7P,SOIL.SI,51.315,148.937,,8.2,Industrial & Commercial Services,72
Soon Lian,5MD,SNLN.SI,12.096,,,,Mineral Resources,66
Soup Restaurant,5KI,SRGL.SI,27.76,31.108,30,2.15,Cyclical Consumer Services,66
Southern Pkg,BQP,SOUT.SI,35.16,122.389,35.85,0.5,Applied Resources,71
SouthernAlliance,QNS,SOUH.SI,547.68,,,0.54,Mineral Resources,
SP Corp,AWE,SPPS.SI,23.867,29.432,17.11,,Industrial & Commercial Services,80
Spackman,40E,SPAC.SI,11.695,12.586,,,Cyclical Consumer Services,78
SPH,T39,SPRM.SI,2849.156,811.363,,2.25,Cyclical Consumer Services,112
SPHREIT,SK6U,SPHR.SI,2406.423,248.016,,3.4,Real Estate,78.6
Spindex Ind,564,SNEX.SI,133.823,167.773,8.62,2.41,Industrial Goods,53
Spura Finance,S23,SBDS.SI,130.916,31.438,27.46,1.82,Banking & Investment Services,88
Sri Trang Agro,NC2,STA.BK,68352,89577.211,4.67,6.93,Automobiles & Auto Parts,61
Sri Trang Gloves,STG,,,,,,,
ST Engineering,S63,STEG.SI,12021.606,7158.286,23.14,3.9,Industrial Goods,97
ST Group Food,DRX,STGR.SI,27.552,36.602,,1.38,Cyclical Consumer Services,53
Stamford Land,H07,SFLD.SI,324.929,113.807,39.34,1.2,Cyclical Consumer Services,78
Stamford Tyres,S29,STAS.SI,43.204,187.385,,2.75,Automobiles & Auto Parts,76
Starburst,40D,STAB.SI,50.595,21.772,5.6,5.13,Industrial & Commercial Services,55
StarhillGbl Reit,P40U,STHL.SI,1217.812,172.475,,3.92,Real Estate,78
StarHub,CC3,STAR.SI,2112.614,2028.8,14.34,4.1,Telecommunications Services,93
Straco,S85,STRA.SI,473.567,29.557,,1.83,Cyclical Consumer Services,54
Straits Trading,S20,STCM.SI,1167.154,386.687,22.61,2.1,Mineral Resources,65
SunMoonFood,AAJ,SMFC.SI,24.324,26.117,,,Food & Beverages,55
Sunpower,5GD,SUNP.SI,767.837,884.979,,0.26,Industrial Goods,47
Sunright,S71,SNRT.SI,57.105,108.944,20.76,0.65,Technology Equipment,51
Sunrise Shares,581,SUNR.SI,9.211,1.152,61.11,,Real Estate,74
Suntar Eco-City,BKZ,SECL.SI,43.618,4.603,1792.8,,Pharmaceuticals & Medical Research,35
Suntec Reit,T82U,SUNT.SI,4177.903,315.39,,4.54,Real Estate,85.3
SUTL Enterprise,BHU,SUTL.SI,43.23,16.149,13.56,4,Cyclical Consumer Services,68
Swiber,BGK,SWBR.SI,49.272,1140.899,,,Energy - Fossil Fuels,35
Swing Media Tech,BEV,SWMT.SI,25.147,194.625,,,Technology Equipment,50
Swissco Hldg,ADP,SWCO.SI,35.329,46.955,,,Energy - Fossil Fuels,22
Sysma,5UO,SYSM.SI,32.625,40.594,13.21,8,Industrial & Commercial Services,54
TA,PA3,TACO.SI,44.036,161.984,,,Real Estate,64
Tai Sin Electric,500,TAIS.SI,159.731,246.015,8.05,4.35,Industrial Goods,60
TalkMed,5G3,TALK.SI,534.644,62.136,23.56,3.33,Healthcare Services,69
Tat Seng Pkg,T12,TASE.SI,123.402,303.069,5.34,2.55,Applied Resources,45
TCIL HK$,T15,0693.HK,4127.284,12319.495,433.4,1.95,Retailers,
Tech Oil & Gas,5CQ,TECH.SI,16.381,65.026,,,Energy - Fossil Fuels,24
TEE Intl,M1Z,TEEI.SI,24.63,170.688,,,Industrial & Commercial Services,69
Teho Intl,5OQ,TEHO.SI,11.3,63.714,4.9,,Industrial Goods,64
TeleChoice Intl,T41,TCIN.SI,81.796,213.474,,2.78,Technology Equipment,66
ThaiBev,Y92,TBEV.SI,17331.941,10536.674,17.27,2.81,Food & Beverages,64
Thakral,AWI,THAK.SI,60.85,90.121,9.11,6.45,Real Estate,84
The Place Hldg,E27,THEP.SI,805.65,1.131,1141.67,,Cyclical Consumer Services,75
TheHourGlass,AGS,HRGS.SI,888.315,658.194,12.52,2.38,Retailers,71
Thomson Medical,A50,THOS.SI,2591.22,214.62,,,Healthcare Services,63
Tianjin ZX USD,T14,TIAN.SI,2520.157,1057.929,7,,Pharmaceuticals & Medical Research,65
TIH,T55,TIHL.SI,59.213,-1.422,,4.08,Collective Investments,55
Tiong Seng,BFI,TISE.SI,66.186,235.938,,1.74,Industrial & Commercial Services,63
Tiong Woon,BQM,TION.SI,106.828,100.945,53.18,0.65,Industrial Goods,47
TLV,42L,TLVH.SI,37.323,,,,Retailers,76
Top Global,BHO,TPGB.SI,125.539,40.683,,,Real Estate,66
Top Glove,BVA,TPGC.KL,40212.098,14922.365,5.83,10.24,Healthcare Services,
Tosei,S2D,8923.T,52286.402,65572.789,16.31,1.77,Real Estate,
Transit Concrete,570,TMCL.SI,9.743,5.011,,,Mineral Resources,56
Travelite,BCZ,TRHL.SI,7.447,28.288,,,Retailers,56
Trek 2000 Intl,5AB,TRKL.SI,41.163,33.672,,,Technology Equipment,42
Trendlines,42T,THET.SI,87.822,5.103,,,Banking & Investment Services,74
TrickleStar,CYW,TRIC.SI,28.787,17.058,30.34,1.72,Industrial Goods,57
Tritech,5G9,TTGL.SI,17.728,5.942,,,Industrial & Commercial Services,78
Triyards,RC5,TRIY.SI,26.751,154.266,,,Energy - Fossil Fuels,46
TSH,KUH,TSHC.SI,5.101,4.152,,,Cyclical Consumer Services,
TT Intl,T09,TINL.SI,14.226,44.397,,,Retailers,37
TTJ,K1Q,TTJH.SI,51.45,58.464,,2.72,Industrial & Commercial Services,60
Tuan Sing,T24,TSHS.SI,503.685,196.817,8.45,1.43,Real Estate,106
Tung Lok Rest,540,TGLK.SI,40.611,62.494,,,Cyclical Consumer Services,63
Tye Soon,BFU,TYES.SI,33.597,198.236,27.46,,Automobiles & Auto Parts,66
UGHealthcare,8K7,UGHE.SI,388.243,250.448,5.64,0.38,Healthcare Services,
UMS,558,UMSH.SI,772.459,179.181,18.67,2.43,Technology Equipment,66
Uni-Asia Grp,CHJ,UAFC.SI,60.522,60.989,,1.3,Real Estate,71
Union Gas,1F2,UNIO.SI,214.049,86.19,15.44,3.24,Utilities,72
Union Steel,BLA,UNIS.SI,23.627,60.114,,,Mineral Resources,73
United Food,AZR,UTDF.SI,7.516,3.715,,,Food & Beverages,34
United Global,43P,UNIT.SI,128.066,0.232,29.76,2.47,Energy - Fossil Fuels,88
Universal Res,BGO,UNIV.SI,3.991,0.01,,,Energy - Fossil Fuels,41
UnUsUaL,1D1,UNUS.SI,190.398,1.346,,,Cyclical Consumer Services,57
UOA,EH5,UOS.AX,375.376,396.508,11.89,2.56,Real Estate,
UOB,U11,UOBH.SI,43950.203,,,2.99,Banking & Investment Services,113
UOB Kay Hian,U10,UOKH.SI,1389.364,587.593,8.64,5.72,Banking & Investment Services,52
UOI,U13,UOIS.SI,429.92,55.342,17.84,2.42,Insurance,90
UOL,U14,UTOS.SI,6222.146,1977.148,474.87,2.04,Real Estate,86
USP Group,BRS,USPG.SI,8.001,30.002,,,Energy - Fossil Fuels,27
UtdHampshReitUSD,ODBU,UNIE.SI,363.905,,,6.59,Real Estate,
V2Y Corp,V2Y,V2YC.SI,17.13,,,,Insurance,70
Vallianz,WPC,VHLD.SI,49.223,223.171,,,Transportation,68
ValueMax,T6I,VAMG.SI,251.426,276.113,6.08,5,Banking & Investment Services,56
Valuetronics,BN2,VLUE.SI,267.913,390.395,8.36,5.38,Technology Equipment,70
VCPlus,43E,VCPL.SI,109.164,0.043,,,Mineral Resources,76
Venture,V03,VENM.SI,5525.353,3012.894,18.55,3.96,Technology Equipment,94
Versalink,40N,VERS.SI,13.095,11.42,,,Industrial & Commercial Services,65
Vibrant Group,BIP,VIBR.SI,69.097,145.15,,,Transportation,46
VibroPower,BJD,VIBO.SI,4.935,12.293,,,Industrial Goods,69
VICOM Ltd,WJP,VCOM.SI,733.956,86.452,29.97,3,Industrial & Commercial Services,
Vicplas Intl,569,VICP.SI,125.045,98.199,16.52,1.53,Healthcare Services,52
Viking Offshore,557,VIKO.SI,4.328,16.011,,,Energy - Fossil Fuels,71
Vividthree,OMK,VIVI.SI,17.035,2.027,,,Cyclical Consumer Services,46
Wee Hur,E3B,WHHL.SI,187.183,189.945,6.46,2.5,Industrial & Commercial Services,63
Willas-Array,BDR,0854.HK,355.313,3557.935,3.84,7.91,Technology Equipment,72
Wilmar Intl,F34,WLIL.SI,30416.154,67074.32,14.83,2.74,Food & Beverages,78
Wilton Resources,5F7,WILT.SI,71.76,0.481,,,Mineral Resources,61
Wing Tai,W05,WTHS.SI,1373.494,430.949,122.52,1.73,Real Estate,91
Wong Fong Ind,1A1,WONG.SI,35.25,49.278,17.01,2.87,Industrial Goods,67
World Class Gbl,1E6,WORL.SI,108.989,,,,Real Estate,62
World Precision,B49,WPML.SI,130,243.179,6.3,4.78,Industrial Goods,56
XMH,BQF,XMHL.SI,15.459,53.313,,,Industrial Goods,64
Y Ventures,1F1,YVEN.SI,18.02,46.488,17.08,,Software & IT Services,67
Yamada Green Res,BJV,YAMR.SI,57.256,13.094,,,Food & Beverages,33
Yanlord Land,Z25,YNLG.SI,2513.869,4958.343,4.64,5.27,Real Estate,58
Yeo Hiap Seng,Y03,YHSS.SI,548.016,321.868,,2.12,Food & Beverages,73
YHI Intl,BPF,YHII.SI,134.456,422.795,7,7.17,Automobiles & Auto Parts,61
Yinda Infocomm,42F,YIND.SI,190.944,6.165,,,Telecommunications Services,68
Ying Li Intl,5DM,YING.SI,202.006,47.895,,,Real Estate,66
Yoma Strategic,Z59,YOMA.SI,313.246,126.284,,,Real Estate,101
Yongmao,BKX,YNMH.SI,71,162.742,10.3,1.25,Industrial Goods,64
Yongnam,AXB,YNAM.SI,44.223,92.85,,,Industrial & Commercial Services,71
Yunnan Energy,T43,1298.HK,470.997,60.988,,,Technology Equipment,43
YuuZoo Networks,AFC,YUUZ.SI,28.956,15.733,,,Software & IT Services,-12
YZJ Shipbldg CNY,SO7,,,,,,,
YZJ Shipbldg SGD,BS6,YAZG.SI,5841.893,2895.853,9.6,3.06,Industrial Goods,74
Zheneng Jinjiang,BWM,ZHEN.SI,581.61,639.467,8.58,,Industrial & Commercial Services,70
Zhongmin Baihui,5SR,ZBRG.SI,134.479,255.034,11.34,3.65,Retailers,63
Zhongxin Fruit,5EG,ZHON.SI,42.218,23.889,,,Food & Beverages,52
ZICO Hldgs,40W,ZICO.SI,26.163,,,,Banking & Investment Services,64